From file: CTD 1350 200521;Instrument no.:;1350;;;;;;;;;;
Ser;Interval (sec);Integration;Air pressure;Salinity;Chart Datum (dbar);;;;;;;
;;;;;;;;;;;;
1;2;;992,86;;;;;;;;;
Ser;Meas;Sal.;Cond.;Temp;F (?g/l);OpOx %;Opmg/l;Density;S. vel.;Press;Date;Time
1;1;0;0;15,369;0,33;100,8;9,88;-0,955;1467,22;0;19-5-2021;09:06:02
1;2;0;0;15,12;0,06;100,13;9,87;-0,917;1466,35;0;19-5-2021;09:06:04
1;3;0;0;15,07;0,07;99,8;9,84;-0,909;1466,18;0;19-5-2021;09:06:06
1;4;0;0;14,972;0,08;99,59;9,84;-0,894;1465,83;0;19-5-2021;09:06:08
1;5;0;0;14,884;0,07;99,29;9,83;-0,881;1465,52;0;19-5-2021;09:06:10
1;6;0;0;14,83;0,06;99,17;9,83;-0,873;1465,33;0;19-5-2021;09:06:12
1;7;0;0;14,732;0,07;99,5;9,89;-0,858;1464,99;0;19-5-2021;09:06:14
1;8;0;0;14,625;0,08;99,57;9,92;-0,843;1464,61;0;19-5-2021;09:06:16
1;9;0;0;14,519;0,08;99,69;9,95;-0,827;1464,24;0;19-5-2021;09:06:18
1;10;0;0;14,409;0,08;99,75;9,98;-0,811;1463,85;0;19-5-2021;09:06:20
1;11;0;0;14,304;0,08;100;10,03;-0,796;1463,47;0;19-5-2021;09:06:22
1;12;0;0;14,227;0,08;99,93;10,04;-0,785;1463,2;0;19-5-2021;09:06:24
1;13;0;0;14,159;0,08;99,78;10,04;-0,776;1462,95;0;19-5-2021;09:06:26
1;14;0;0;14,097;0,07;100,01;10,07;-0,767;1462,73;0;19-5-2021;09:06:28
1;15;0;0;14,038;0,07;99,34;10,02;-0,759;1462,52;0;19-5-2021;09:06:30
1;16;0;0;13,908;2,27;99,62;10,08;-0,741;1462,05;0;19-5-2021;09:06:32
1;17;0;0;13,658;2,49;99,48;10,12;-0,707;1461,15;0;19-5-2021;09:06:34
1;18;0;0;13,371;0,03;99,3;10,17;-0,669;1460,11;0;19-5-2021;09:06:36
1;19;0;0;13,22;0,05;99,05;10,17;-0,649;1459,56;0;19-5-2021;09:06:38
1;20;0;0;13,431;0,52;76,16;7,79;-0,677;1460,33;0;19-5-2021;09:06:40
1;21;0;0;13,66;0,01;64,33;6,54;-0,707;1461,16;0;19-5-2021;09:06:42
1;22;0;0;13,602;2,49;0,33;0,03;-0,699;1460,95;0;19-5-2021;09:06:44
1;23;0;0;13,621;2,34;90,08;9,17;-0,702;1461,02;0;19-5-2021;09:06:46
1;24;0;0;10,83;0,1;101,13;10,97;-0,376;1450,53;0;19-5-2021;09:06:48
1;25;0;0;2,603;0,1;99,97;13,33;-0,04;1415,11;0,12;19-5-2021;09:06:50
1;26;0;0;1,291;0,14;96,52;13,34;-0,083;1408,8;0,42;19-5-2021;09:06:52
1;27;0;0;1,056;0,19;95,43;13,27;-0,093;1407,65;0,61;19-5-2021;09:06:54
1;28;0;0;0,948;0,19;99,04;13,82;-0,098;1407,12;0,63;19-5-2021;09:06:56
1;29;0;0;0,857;0,18;101,03;14,13;-0,102;1406,67;0,66;19-5-2021;09:06:58
1;30;0;0;0,954;0,18;101,65;14,18;-0,097;1407,15;0,67;19-5-2021;09:07:00
1;31;0;0;0,869;0,18;103,3;14,44;-0,102;1406,73;0,66;19-5-2021;09:07:02
1;32;0;0;0,838;0,17;103,92;14,54;-0,103;1406,58;0,66;19-5-2021;09:07:04
1;33;0;0;0,864;0,17;103,04;14,41;-0,102;1406,71;0,65;19-5-2021;09:07:06
1;34;0;0;0,922;0,18;102,87;14,36;-0,099;1406,99;0,67;19-5-2021;09:07:08
1;35;0;0;1,039;0,18;102,57;14,27;-0,093;1407,57;0,77;19-5-2021;09:07:10
1;36;0;0;0,88;0,18;101,85;14,23;-0,1;1406,79;0,85;19-5-2021;09:07:12
1;37;0;0;0,795;0,18;102,18;14,31;-0,105;1406,37;0,87;19-5-2021;09:07:14
1;38;0;0;0,753;0,19;102,67;14,4;-0,107;1406,16;0,95;19-5-2021;09:07:16
1;39;0;0;0,748;0,19;101,88;14,29;-0,107;1406,14;0,94;19-5-2021;09:07:18
1;40;0;0;0,734;0,19;101,84;14,29;-0,107;1406,07;1,1;19-5-2021;09:07:20
1;41;0;0;0,718;0,19;101,61;14,26;-0,109;1405,99;0,83;19-5-2021;09:07:22
1;42;0;0;0,712;0,18;101,19;14,21;-0,108;1405,96;1,14;19-5-2021;09:07:24
1;43;0;0;0,704;0,19;101,07;14,19;-0,109;1405,92;1,03;19-5-2021;09:07:26
1;44;0;0;0,705;0,18;100,8;14,16;-0,109;1405,93;1,06;19-5-2021;09:07:28
1;45;0;0;0,695;0,19;100,84;14,17;-0,11;1405,88;0,99;19-5-2021;09:07:30
1;46;0;0;0,693;0,18;100,74;14,15;-0,109;1405,87;1,04;19-5-2021;09:07:32
1;47;0;0;0,681;0,18;100,73;14,16;-0,11;1405,81;1,03;19-5-2021;09:07:34
1;48;0;0;0,669;0,18;100,33;14,1;-0,113;1405,74;0,64;19-5-2021;09:07:36
1;49;0;0;0,656;0,17;100,03;14,07;-0,114;1405,68;0,52;19-5-2021;09:07:38
1;50;0;0;0,56;0,17;100,4;14,16;-0,121;1405,19;0,22;19-5-2021;09:07:40
1;51;0;0;0,532;0,16;99,67;14,07;-0,123;1405,05;0,13;19-5-2021;09:07:42
1;52;0;0;0,532;0,17;99,14;13,99;-0,123;1405,05;0,2;19-5-2021;09:07:44
1;53;0;0;0,604;0,16;98,32;13,85;-0,117;1405,42;0,53;19-5-2021;09:07:46
1;54;0;0;0,646;0,16;97,48;13,71;-0,114;1405,63;0,6;19-5-2021;09:07:48
1;55;0;0;0,65;0,17;98,04;13,79;-0,114;1405,65;0,58;19-5-2021;09:07:50
1;56;0;0;0,65;0,18;98,98;13,92;-0,114;1405,65;0,66;19-5-2021;09:07:52
1;57;0;0;0,666;0,18;99,09;13,93;-0,113;1405,73;0,67;19-5-2021;09:07:54
1;58;0;0;0,657;0,18;99,36;13,97;-0,113;1405,68;0,67;19-5-2021;09:07:56
1;59;0;0;0,651;0,18;98,99;13,92;-0,114;1405,65;0,67;19-5-2021;09:07:58
1;60;0;0;0,655;0,18;99,1;13,94;-0,113;1405,67;0,68;19-5-2021;09:08:00
1;61;0;0;0,653;0,19;99,44;13,99;-0,113;1405,66;0,68;19-5-2021;09:08:02
1;62;0;0;0,702;0,18;98,87;13,89;-0,111;1405,91;0,69;19-5-2021;09:08:04
1;63;0;0;0,688;0,18;98,93;13,9;-0,11;1405,84;0,89;19-5-2021;09:08:06
1;64;0;0;0,648;0,19;99,08;13,94;-0,113;1405,64;0,89;19-5-2021;09:08:08
1;65;0;0;0,653;0,19;99,17;13,95;-0,112;1405,67;0,89;19-5-2021;09:08:10
1;66;0;0;0,671;0,18;99,14;13,94;-0,111;1405,76;0,92;19-5-2021;09:08:12
1;67;0;0;0,708;0,19;99,76;14,01;-0,109;1405,94;0,9;19-5-2021;09:08:14
1;68;0;0;0,723;0,19;99,67;13,99;-0,108;1406,01;0,91;19-5-2021;09:08:16
1;69;0;0;0,73;0,18;100,26;14,07;-0,108;1406,05;0,9;19-5-2021;09:08:18
1;70;0;0;0,724;0,19;100,24;14,07;-0,108;1406,02;0,88;19-5-2021;09:08:20
1;71;0;0;0,719;0,2;99,58;13,98;-0,109;1405,99;0,9;19-5-2021;09:08:22
1;72;0;0;0,852;0,19;99,78;13,95;-0,101;1406,65;0,92;19-5-2021;09:08:24
1;73;0;0;0,862;0,21;99,25;13,88;-0,101;1406,7;0,92;19-5-2021;09:08:26
1;74;0;0;0,802;0,19;99,62;13,95;-0,104;1406,4;0,93;19-5-2021;09:08:28
1;75;0;0;0,749;0,18;99,49;13,95;-0,107;1406,14;0,94;19-5-2021;09:08:30
1;76;0;0;0,764;0,19;100,32;14,06;-0,106;1406,22;0,94;19-5-2021;09:08:32
1;77;0;0;0,895;0,2;99,84;13,95;-0,099;1406,87;0,98;19-5-2021;09:08:34
1;78;0;0;1,016;0,18;100,25;13,96;-0,093;1407,46;1,01;19-5-2021;09:08:36
1;79;0;0;1,02;0,18;99,47;13,85;-0,092;1407,48;1,03;19-5-2021;09:08:38
1;80;0;0;0,871;0,18;99,69;13,93;-0,1;1406,75;1,05;19-5-2021;09:08:40
1;81;0;0;0,741;0,2;98,88;13,87;-0,107;1406,1;1,05;19-5-2021;09:08:42
1;82;0;0;0,713;0,19;98,83;13,88;-0,108;1405,97;1,03;19-5-2021;09:08:44
1;83;0;0;0,746;0,2;98,72;13,85;-0,107;1406,13;1,02;19-5-2021;09:08:46
1;84;0;0;0,741;0,18;99,26;13,93;-0,107;1406,1;1,05;19-5-2021;09:08:48
1;85;0;0;0,767;0,19;98,85;13,86;-0,105;1406,23;1,04;19-5-2021;09:08:50
1;86;0;0;0,797;0,19;98,59;13,81;-0,104;1406,38;1,05;19-5-2021;09:08:52
1;87;0;0;0,818;0,19;98,36;13,77;-0,103;1406,49;1,01;19-5-2021;09:08:54
1;88;0;0;0,821;0,19;98,3;13,76;-0,102;1406,5;1,06;19-5-2021;09:08:56
1;89;0;0;0,808;0,18;98,36;13,77;-0,103;1406,44;1,04;19-5-2021;09:08:58
1;90;0;0;0,781;0,18;98,16;13,76;-0,104;1406,3;1,06;19-5-2021;09:09:00
1;91;0;0;0,762;0,18;98,17;13,76;-0,106;1406,21;1,03;19-5-2021;09:09:02
1;92;0;0;0,756;0,19;98,08;13,75;-0,106;1406,18;1,03;19-5-2021;09:09:04
1;93;0;0;0,747;0,18;98,25;13,78;-0,106;1406,13;1,04;19-5-2021;09:09:06
1;94;0;0;0,74;0,19;98,42;13,81;-0,107;1406,1;1,03;19-5-2021;09:09:08
1;95;0;0;0,855;0,19;99,44;13,91;-0,101;1406,67;1,02;19-5-2021;09:09:10
1;96;0;0;0,866;0,19;99,13;13,86;-0,1;1406,72;1,02;19-5-2021;09:09:12
1;97;0;0;0,823;0,2;98,98;13,85;-0,102;1406,51;1,05;19-5-2021;09:09:14
1;98;0;0;0,853;0,19;98,92;13,83;-0,101;1406,66;1,08;19-5-2021;09:09:16
1;99;0;0;0,778;0,19;98,49;13,8;-0,105;1406,29;0,98;19-5-2021;09:09:18
1;100;0;0;0,685;0,18;98,3;13,81;-0,111;1405,82;0,83;19-5-2021;09:09:20
1;101;0;0;0,721;0,2;97,99;13,75;-0,107;1406,01;1,12;19-5-2021;09:09:22
1;102;0;0;0,731;0,19;98,11;13,77;-0,106;1406,06;1,36;19-5-2021;09:09:24
1;103;0;0;0,715;0,18;98,11;13,77;-0,105;1405,99;1,65;19-5-2021;09:09:26
1;104;0;0;0,699;0,19;98,27;13,8;-0,104;1405,91;2,01;19-5-2021;09:09:28
1;105;0;0;0,669;0,19;98,22;13,81;-0,104;1405,77;2,4;19-5-2021;09:09:30
1;106;0;0;0,664;0,19;98,5;13,85;-0,103;1405,75;2,68;19-5-2021;09:09:32
1;107;0;0;0,66;0,2;98,67;13,87;-0,102;1405,73;2,94;19-5-2021;09:09:34
1;108;0;0;0,659;0,2;98,89;13,91;-0,1;1405,73;3,32;19-5-2021;09:09:36
1;109;0;0;0,658;0,2;98,43;13,84;-0,098;1405,73;3,63;19-5-2021;09:09:38
1;110;0;0;0,656;0,2;98,24;13,82;-0,097;1405,73;3,96;19-5-2021;09:09:40
1;111;0;0;0,658;0,2;98,16;13,8;-0,095;1405,74;4,3;19-5-2021;09:09:42
1;112;0;0;0,656;0,21;98,04;13,79;-0,093;1405,74;4,59;19-5-2021;09:09:44
1;113;0;0;0,658;0,2;98,05;13,79;-0,092;1405,75;4,95;19-5-2021;09:09:46
1;114;0;0;0,655;0,21;98,09;13,8;-0,09;1405,74;5,24;19-5-2021;09:09:48
1;115;0;0;0,667;0,22;98,38;13,83;-0,088;1405,81;5,56;19-5-2021;09:09:50
1;116;0;0;0,658;0,24;98,31;13,82;-0,087;1405,77;5,83;19-5-2021;09:09:52
1;117;0;0;0,664;0,21;98,29;13,82;-0,085;1405,8;6,12;19-5-2021;09:09:54
1;118;0;0;0,674;0,23;98,3;13,82;-0,084;1405,85;6,33;19-5-2021;09:09:56
1;119;0;0;0,678;0,27;98,51;13,84;-0,082;1405,88;6,62;19-5-2021;09:09:58
1;120;0;0;0,665;0,26;98,96;13,91;-0,081;1405,82;6,91;19-5-2021;09:10:00
1;121;0;0;0,662;0,28;99,26;13,96;-0,079;1405,81;7,32;19-5-2021;09:10:02
1;122;0;0;0,655;0,28;99;13,92;-0,078;1405,78;7,73;19-5-2021;09:10:04
1;123;0;0;0,646;0,32;98,84;13,9;-0,076;1405,74;8,09;19-5-2021;09:10:06
1;124;0;0;0,642;0,34;99,04;13,93;-0,075;1405,73;8,44;19-5-2021;09:10:08
1;125;0;0;0,64;0,39;99,16;13,95;-0,073;1405,72;8,79;19-5-2021;09:10:10
1;126;0;0;0,639;0,39;99,1;13,94;-0,071;1405,72;9,14;19-5-2021;09:10:12
1;127;0;0;0,639;0,37;99,2;13,96;-0,07;1405,73;9,5;19-5-2021;09:10:14
1;128;0;0;0,642;0,39;99,28;13,97;-0,067;1405,75;9,88;19-5-2021;09:10:16
1;129;0;0;0,646;0,47;99,37;13,98;-0,065;1405,78;10,35;19-5-2021;09:10:18
1;130;0;0;0,637;0,43;99,24;13,96;-0,063;1405,74;10,77;19-5-2021;09:10:20
1;131;0;0;0,632;0,48;99,3;13,97;-0,061;1405,72;11,28;19-5-2021;09:10:22
1;132;0;0;0,633;0,46;99,37;13,98;-0,059;1405,73;11,7;19-5-2021;09:10:24
1;133;0;0;0,627;0,5;99,3;13,98;-0,056;1405,71;12,27;19-5-2021;09:10:26
1;134;0;0;0,624;0,54;99,3;13,98;-0,055;1405,7;12,58;19-5-2021;09:10:28
1;135;0;0;0,629;0,48;99,11;13,95;-0,052;1405,73;12,99;19-5-2021;09:10:30
1;136;0;0;0,629;0,48;99,28;13,97;-0,051;1405,74;13,31;19-5-2021;09:10:32
1;137;0;0;0,633;0,53;99,39;13,99;-0,049;1405,76;13,73;19-5-2021;09:10:34
1;138;0;0;0,633;0,46;99,24;13,97;-0,047;1405,77;14;19-5-2021;09:10:36
1;139;0;0;0,632;0,47;99,26;13,97;-0,045;1405,77;14,42;19-5-2021;09:10:38
1;140;0;0;0,629;0,48;99,23;13,97;-0,043;1405,76;14,89;19-5-2021;09:10:40
1;141;0;0;0,629;0,52;99,12;13,95;-0,04;1405,77;15,38;19-5-2021;09:10:42
1;142;0;0;0,627;0,51;99,11;13,95;-0,038;1405,77;15,9;19-5-2021;09:10:44
1;143;0;0;0,623;0,51;99,02;13,94;-0,035;1405,76;16,42;19-5-2021;09:10:46
1;144;0;0;0,62;0,51;98,91;13,92;-0,033;1405,75;16,9;19-5-2021;09:10:48
1;145;0;0;0,625;0,5;98,91;13,92;-0,031;1405,78;17,35;19-5-2021;09:10:50
1;146;0;0;0,626;0,53;98,95;13,93;-0,028;1405,79;17,82;19-5-2021;09:10:52
1;147;0;0;0,625;0,5;98,92;13,92;-0,026;1405,79;18,19;19-5-2021;09:10:54
1;148;0;0;0,63;0,51;98,72;13,89;-0,023;1405,83;18,72;19-5-2021;09:10:56
1;149;0;0;0,627;0,51;98,75;13,9;-0,021;1405,82;19,19;19-5-2021;09:10:58
1;150;0;0;0,626;0,53;98,68;13,89;-0,019;1405,82;19,67;19-5-2021;09:11:00
1;151;0;0;0,627;0,47;98,77;13,9;-0,017;1405,83;20,1;19-5-2021;09:11:02
1;152;0;0;0,627;0,48;98,66;13,89;-0,014;1405,84;20,53;19-5-2021;09:11:04
1;153;0;0;0,631;0,5;98,63;13,88;-0,012;1405,87;20,96;19-5-2021;09:11:06
1;154;0;0;0,63;0,54;98,61;13,88;-0,01;1405,87;21,38;19-5-2021;09:11:08
1;155;0;0;0,63;0,54;98,5;13,86;-0,008;1405,87;21,84;19-5-2021;09:11:10
1;156;0;0;0,624;0,54;98,38;13,85;-0,007;1405,85;22,05;19-5-2021;09:11:12
1;157;0;0;0,629;0,49;98,29;13,83;-0,004;1405,88;22,54;19-5-2021;09:11:14
1;158;0;0;0,624;0,5;98,28;13,83;-0,002;1405,86;22,97;19-5-2021;09:11:16
1;159;0;0;0,63;0,55;98,3;13,83;0;1405,9;23,31;19-5-2021;09:11:18
1;160;0;0;0,632;0,5;98,17;13,81;0,002;1405,91;23,76;19-5-2021;09:11:20
1;161;0;0;0,629;0,47;98,13;13,81;0,004;1405,9;24,07;19-5-2021;09:11:22
1;162;0;0;0,629;0,49;98,09;13,8;0,005;1405,91;24,4;19-5-2021;09:11:24
1;163;0;0;0,624;0,48;98,02;13,8;0,007;1405,89;24,75;19-5-2021;09:11:26
1;164;0;0;0,63;0,49;98,05;13,8;0,009;1405,93;25,17;19-5-2021;09:11:28
1;165;0;0;0,629;0,49;97,97;13,79;0,011;1405,93;25,56;19-5-2021;09:11:30
1;166;0;0;0,63;0,52;97,97;13,79;0,013;1405,94;25,89;19-5-2021;09:11:32
1;167;0;0;0,633;0,52;97,92;13,78;0,015;1405,96;26,29;19-5-2021;09:11:34
1;168;0;0;0,633;0,54;97,85;13,77;0,017;1405,96;26,64;19-5-2021;09:11:36
1;169;0;0;0,634;0,57;97,82;13,77;0,019;1405,98;27,05;19-5-2021;09:11:38
1;170;0;0;0,631;0,53;97,7;13,75;0,021;1405,97;27,43;19-5-2021;09:11:40
1;171;0;0;0,631;0,5;97,7;13,75;0,023;1405,97;27,89;19-5-2021;09:11:42
1;172;0;0;0,625;0,54;97,72;13,75;0,025;1405,95;28,32;19-5-2021;09:11:44
1;173;0;0;0,629;0,47;97,59;13,73;0,028;1405,98;28,82;19-5-2021;09:11:46
1;174;0;0;0,624;0,51;97,62;13,74;0,03;1405,96;29,36;19-5-2021;09:11:48
1;175;0;0;0,621;0,49;97,54;13,73;0,033;1405,95;29,9;19-5-2021;09:11:50
1;176;0;0;0,621;0,54;97,49;13,72;0,035;1405,96;30,39;19-5-2021;09:11:52
1;177;0;0;0,624;0,48;97,47;13,72;0,038;1405,99;30,93;19-5-2021;09:11:54
1;178;0;0;0,624;0,48;97,41;13,71;0,041;1405,99;31,43;19-5-2021;09:11:56
1;179;0;0;0,626;0,44;97,37;13,7;0,043;1406,01;31,85;19-5-2021;09:11:58
1;180;0;0;0,629;0,47;97,22;13,68;0,045;1406,03;32,3;19-5-2021;09:12:00
1;181;0;0;0,638;0,49;97,04;13,65;0,049;1406,08;32,86;19-5-2021;09:12:02
1;182;0;0;0,641;0,45;96,86;13,63;0,051;1406,11;33,31;19-5-2021;09:12:04
1;183;0;0;0,647;0,46;96,76;13,61;0,054;1406,14;33,79;19-5-2021;09:12:06
1;184;0;0;0,646;0,43;96,65;13,6;0,056;1406,15;34,21;19-5-2021;09:12:08
1;185;0;0;0,653;0,43;96,45;13,56;0,059;1406,19;34,71;19-5-2021;09:12:10
1;186;0;0;0,695;0,31;95,91;13,47;0,064;1406,4;35,2;19-5-2021;09:12:12
1;187;0;0;0,764;0,29;95,22;13,35;0,069;1406,75;35,62;19-5-2021;09:12:14
1;188;0;0;0,847;0,34;94,6;13,23;0,076;1407,17;36,11;19-5-2021;09:12:16
1;189;0;0;0,959;0,33;94,48;13,18;0,085;1407,73;36,66;19-5-2021;09:12:18
1;190;0;0;1,032;0,33;94,34;13,13;0,091;1408,1;37,21;19-5-2021;09:12:20
1;191;0;0;1,061;0,36;94,26;13,11;0,095;1408,25;37,68;19-5-2021;09:12:22
1;192;0;0;1,09;0,25;94,06;13,07;0,099;1408,4;38,17;19-5-2021;09:12:24
1;193;0;0;1,15;0,22;93,58;12,98;0,104;1408,7;38,66;19-5-2021;09:12:26
1;194;0;0;1,287;0,22;92,88;12,83;0,112;1409,38;39,07;19-5-2021;09:12:28
1;195;0;0;1,382;0,23;92,54;12,75;0,118;1409,85;39,52;19-5-2021;09:12:30
1;196;0;0;1,483;0,22;92,25;12,68;0,125;1410,35;39,96;19-5-2021;09:12:32
1;197;0;0;1,553;0,21;92,04;12,63;0,13;1410,7;40,37;19-5-2021;09:12:34
1;198;0;0;1,624;0,23;91,89;12,58;0,135;1411,05;40,96;19-5-2021;09:12:36
1;199;0;0;1,69;0,2;91,7;12,53;0,141;1411,38;41,57;19-5-2021;09:12:38
1;200;0;0;1,735;0,27;91,48;12,49;0,144;1411,6;41,99;19-5-2021;09:12:40
1;201;0;0;1,776;0,23;91,19;12,43;0,15;1411,81;42,77;19-5-2021;09:12:42
1;202;0;0;1,809;0,26;91,17;12,42;0,154;1411,98;43,29;19-5-2021;09:12:44
1;203;0;0;1,851;0,21;91,11;12,4;0,159;1412,2;44,09;19-5-2021;09:12:46
1;204;0;0;1,897;0,22;90,82;12,34;0,164;1412,43;44,82;19-5-2021;09:12:48
1;205;0;0;1,935;0,2;91,14;12,37;0,168;1412,62;45,31;19-5-2021;09:12:50
1;206;0;0;1,967;0,21;91,07;12,35;0,172;1412,78;45,86;19-5-2021;09:12:52
1;207;0;0;1,981;0,21;90,8;12,31;0,173;1412,85;45,98;19-5-2021;09:12:54
1;208;0;0;2;0,25;90,64;12,28;0,176;1412,95;46,55;19-5-2021;09:12:56
1;209;0;0;2,017;0,28;90,35;12,24;0,18;1413,05;47,13;19-5-2021;09:12:58
1;210;0;0;2,038;0,25;90,24;12,21;0,183;1413,15;47,63;19-5-2021;09:13:00
1;211;0;0;2,046;0,26;90,05;12,19;0,184;1413,2;47,89;19-5-2021;09:13:02
1;212;0;0;2,059;0,27;89,98;12,17;0,188;1413,27;48,46;19-5-2021;09:13:04
1;213;0;0;2,071;0,28;89,94;12,16;0,19;1413,33;48,92;19-5-2021;09:13:06
1;214;0;0;2,085;0,32;89,78;12,14;0,194;1413,41;49,51;19-5-2021;09:13:08
1;215;0;0;2,1;0,28;89,6;12,11;0,197;1413,49;50,05;19-5-2021;09:13:10
1;216;0;0;2,114;0,3;89,5;12,09;0,199;1413,56;50,45;19-5-2021;09:13:12
1;217;0;0;2,128;0,24;89,49;12,08;0,201;1413,63;50,71;19-5-2021;09:13:14
1;218;0;0;2,138;0,24;89,58;12,09;0,203;1413,69;51,11;19-5-2021;09:13:16
1;219;0;0;2,154;0,34;89,45;12,07;0,206;1413,77;51,66;19-5-2021;09:13:18
1;220;0;0;2,158;0,32;89,12;12,02;0,206;1413,79;51,57;19-5-2021;09:13:20
1;221;0;0;2,153;0,38;88,96;12;0,205;1413,77;51,46;19-5-2021;09:13:22
1;222;0;0;2,147;0,27;88,92;12;0,204;1413,73;51,31;19-5-2021;09:13:24
1;223;0;0;2,139;0,25;88,97;12,01;0,203;1413,69;51,02;19-5-2021;09:13:26
1;224;0;0;2,133;0,28;89,04;12,02;0,201;1413,66;50,62;19-5-2021;09:13:28
1;225;0;0;2,114;0,3;89,12;12,04;0,197;1413,55;49,95;19-5-2021;09:13:30
1;226;0;0;2,094;0,34;89,29;12,07;0,193;1413,45;49,25;19-5-2021;09:13:32
1;227;0;0;2,077;0,27;89,43;12,09;0,19;1413,36;48,76;19-5-2021;09:13:34
1;228;0;0;2,066;0,28;89,52;12,11;0,187;1413,3;48,39;19-5-2021;09:13:36
1;229;0;0;2,056;0,25;89,62;12,12;0,185;1413,24;47,89;19-5-2021;09:13:38
1;230;0;0;2,042;0,23;89,68;12,14;0,182;1413,17;47,39;19-5-2021;09:13:40
1;231;0;0;2,028;0,25;89,73;12,15;0,179;1413,09;46,9;19-5-2021;09:13:42
1;232;0;0;2,01;0,24;89,81;12,17;0,176;1413;46,5;19-5-2021;09:13:44
1;233;0;0;1,99;0,21;89,89;12,18;0,173;1412,9;46,05;19-5-2021;09:13:46
1;234;0;0;1,966;0,21;90,13;12,22;0,17;1412,78;45,6;19-5-2021;09:13:48
1;235;0;0;1,951;0,22;90,29;12,25;0,167;1412,69;45,03;19-5-2021;09:13:50
1;236;0;0;1,921;0,21;90,52;12,29;0,163;1412,54;44,46;19-5-2021;09:13:52
1;237;0;0;1,889;0,22;90,76;12,33;0,16;1412,38;44,03;19-5-2021;09:13:54
1;238;0;0;1,871;0,22;90,73;12,34;0,158;1412,29;43,69;19-5-2021;09:13:56
1;239;0;0;1,831;0,24;90,65;12,34;0,153;1412,09;43,07;19-5-2021;09:13:58
1;240;0;0;1,787;0,22;90,7;12,36;0,148;1411,86;42,42;19-5-2021;09:14:00
1;241;0;0;1,754;0,25;90,8;12,39;0,144;1411,69;41,74;19-5-2021;09:14:02
1;242;0;0;1,714;0,21;90,81;12,4;0,139;1411,49;41,06;19-5-2021;09:14:04
1;243;0;0;1,671;0,2;90,97;12,44;0,135;1411,27;40,49;19-5-2021;09:14:06
1;244;0;0;1,587;0,26;91,15;12,49;0,128;1410,85;39,76;19-5-2021;09:14:08
1;245;0;0;1,476;0,22;91,16;12,53;0,12;1410,3;39,1;19-5-2021;09:14:10
1;246;0;0;1,369;0,22;91,35;12,6;0,112;1409,77;38,37;19-5-2021;09:14:12
1;247;0;0;1,183;0,27;91,45;12,67;0,1;1408,85;37,7;19-5-2021;09:14:14
1;248;0;0;1,094;0,31;91,67;12,74;0,093;1408,4;37,1;19-5-2021;09:14:16
1;249;0;0;1,058;0,35;92,34;12,84;0,088;1408,22;36,47;19-5-2021;09:14:18
1;250;0;0;0,996;0,35;92,79;12,93;0,082;1407,9;35,8;19-5-2021;09:14:20
1;251;0;0;0,802;0,33;93,2;13,05;0,069;1406,93;35,12;19-5-2021;09:14:22
1;252;0;0;0,712;0,32;93,19;13,09;0,061;1406,48;34,45;19-5-2021;09:14:24
1;253;0;0;0,659;0,4;93,79;13,19;0,054;1406,2;33,78;19-5-2021;09:14:26
1;254;0;0;0,639;0,44;94,69;13,32;0,05;1406,09;33,1;19-5-2021;09:14:28
1;255;0;0;0,632;0,47;95,23;13,4;0,047;1406,05;32,53;19-5-2021;09:14:30
1;256;0;0;0,618;0,5;95,73;13,48;0,042;1405,97;31,85;19-5-2021;09:14:32
1;257;0;0;0,613;0,47;95,92;13,5;0,039;1405,93;31,18;19-5-2021;09:14:34
1;258;0;0;0,61;0,46;96,33;13,56;0,035;1405,91;30,48;19-5-2021;09:14:36
1;259;0;0;0,611;0,51;96,5;13,59;0,032;1405,9;29,87;19-5-2021;09:14:38
1;260;0;0;0,61;0,48;96,53;13,59;0,029;1405,89;29,26;19-5-2021;09:14:40
1;261;0;0;0,61;0,45;96,56;13,6;0,026;1405,88;28,64;19-5-2021;09:14:42
1;262;0;0;0,612;0,47;96,57;13,6;0,023;1405,88;28,02;19-5-2021;09:14:44
1;263;0;0;0,611;0,51;96,57;13,6;0,019;1405,87;27,39;19-5-2021;09:14:46
1;264;0;0;0,609;0,48;96,6;13,6;0,016;1405,85;26,71;19-5-2021;09:14:48
1;265;0;0;0,61;0,5;96,55;13,59;0,013;1405,84;26,07;19-5-2021;09:14:50
1;266;0;0;0,607;0,47;96,59;13,6;0,009;1405,82;25,45;19-5-2021;09:14:52
1;267;0;0;0,605;0,5;96,53;13,59;0,006;1405,8;24,8;19-5-2021;09:14:54
1;268;0;0;0,603;0,49;96,58;13,6;0,003;1405,78;24,16;19-5-2021;09:14:56
1;269;0;0;0,603;0,51;96,56;13,6;-0,001;1405,76;23,4;19-5-2021;09:14:58
1;270;0;0;0,603;0,49;96,58;13,6;-0,004;1405,76;22,78;19-5-2021;09:15:00
1;271;0;0;0,603;0,47;96,62;13,61;-0,008;1405,74;22,11;19-5-2021;09:15:02
1;272;0;0;0,602;0,51;96,55;13,6;-0,011;1405,73;21,44;19-5-2021;09:15:04
1;273;0;0;0,602;0,5;96,51;13,59;-0,014;1405,72;20,85;19-5-2021;09:15:06
1;274;0;0;0,601;0,48;96,59;13,6;-0,018;1405,71;20,18;19-5-2021;09:15:08
1;275;0;0;0,601;0,46;96,55;13,6;-0,021;1405,69;19,51;19-5-2021;09:15:10
1;276;0;0;0,601;0,48;96,56;13,6;-0,024;1405,68;18,86;19-5-2021;09:15:12
1;277;0;0;0,6;0,51;96,52;13,6;-0,028;1405,67;18,22;19-5-2021;09:15:14
1;278;0;0;0,601;0,49;96,6;13,61;-0,031;1405,67;17,61;19-5-2021;09:15:16
1;279;0;0;0,602;0,5;96,57;13,6;-0,034;1405,66;16,96;19-5-2021;09:15:18
1;280;0;0;0,6;0,51;96,56;13,6;-0,038;1405,64;16,25;19-5-2021;09:15:20
1;281;0;0;0,6;0,47;96,5;13,59;-0,041;1405,63;15,56;19-5-2021;09:15:22
1;282;0;0;0,6;0,49;96,57;13,6;-0,044;1405,62;15,04;19-5-2021;09:15:24
1;283;0;0;0,6;0,46;96,56;13,6;-0,047;1405,61;14,44;19-5-2021;09:15:26
1;284;0;0;0,601;0,49;96,54;13,6;-0,05;1405,61;13,7;19-5-2021;09:15:28
1;285;0;0;0,599;0,5;96,48;13,59;-0,055;1405,58;12,92;19-5-2021;09:15:30
1;286;0;0;0,597;0,49;96,55;13,6;-0,058;1405,56;12,19;19-5-2021;09:15:32
1;287;0;0;0,599;0,47;96,53;13,6;-0,061;1405,56;11,55;19-5-2021;09:15:34
1;288;0;0;0,598;0,48;96,49;13,59;-0,065;1405,55;10,88;19-5-2021;09:15:36
1;289;0;0;0,603;0,48;96,51;13,59;-0,068;1405,56;10,17;19-5-2021;09:15:38
1;290;0;0;0,598;0,42;96,51;13,59;-0,072;1405,53;9,49;19-5-2021;09:15:40
1;291;0;0;0,6;0,38;96,49;13,59;-0,075;1405,53;8,83;19-5-2021;09:15:42
1;292;0;0;0,602;0,34;96,4;13,58;-0,078;1405,53;8,25;19-5-2021;09:15:44
1;293;0;0;0,604;0,31;96,51;13,59;-0,08;1405,53;7,89;19-5-2021;09:15:46
1;294;0;0;0,604;0,3;96,49;13,59;-0,082;1405,52;7,34;19-5-2021;09:15:48
1;295;0;0;0,605;0,3;96,41;13,58;-0,085;1405,52;6,83;19-5-2021;09:15:50
1;296;0;0;0,605;0,26;96,53;13,59;-0,088;1405,51;6,18;19-5-2021;09:15:52
1;297;0;0;0,605;0,23;96,42;13,58;-0,092;1405,5;5,49;19-5-2021;09:15:54
1;298;0;0;0,604;0,2;96,44;13,58;-0,096;1405,48;4,66;19-5-2021;09:15:56
1;299;0;0;0,605;0,2;96,51;13,59;-0,1;1405,48;3,97;19-5-2021;09:15:58
1;300;0;0;0,607;0,2;96,4;13,58;-0,103;1405,47;3,28;19-5-2021;09:16:00
1;301;0;0;0,606;0,19;96,47;13,59;-0,106;1405,46;2,62;19-5-2021;09:16:02
1;302;0;0;0,607;0,19;96,47;13,58;-0,109;1405,45;1,98;19-5-2021;09:16:04
1;303;0;0;0,606;0,19;96,45;13,58;-0,113;1405,44;1,29;19-5-2021;09:16:06
1;304;0;0;0,609;0,19;96,46;13,58;-0,115;1405,45;0,9;19-5-2021;09:16:08
1;305;0;0;0,612;0,2;96,47;13,58;-0,117;1405,46;0,53;19-5-2021;09:16:10
1;306;0;0;0,614;0,18;96,45;13,58;-0,117;1405,46;0,39;19-5-2021;09:16:12
1;307;0;0;0,521;2,49;96,38;13,61;-0,124;1405;0;19-5-2021;09:16:14
1;308;0;0;0,553;2,49;95,53;13,47;-0,123;1405,16;0;19-5-2021;09:16:16
1;309;0;0;0,68;1,71;91,19;12,82;-0,115;1405,79;0;19-5-2021;09:16:18
1;310;0;0;0,827;2,49;91,24;12,77;-0,107;1406,51;0;19-5-2021;09:16:20
1;311;0;0;0,965;3,21;83,12;11,59;-0,1;1407,2;0;19-5-2021;09:16:22
1;312;0;0;1,103;0,03;24,88;3,46;-0,093;1407,87;0;19-5-2021;09:16:24
1;313;0;0;1,24;7,49;92,47;12,79;-0,087;1408,55;0;19-5-2021;09:16:26
1;314;0;0;1,34;7,49;93,23;12,86;-0,082;1409,03;0;19-5-2021;09:16:28
1;315;0;0;1,431;7,49;95,77;13,18;-0,079;1409,48;0;19-5-2021;09:16:30
1;316;0;0;1,52;0,21;94,73;13,01;-0,075;1409,91;0;19-5-2021;09:16:32
1;317;0;0;1,641;0,51;94,08;12,87;-0,07;1410,5;0;19-5-2021;09:16:34
1;318;0;0;1,794;0,03;93,58;12,75;-0,064;1411,24;0;19-5-2021;09:16:36
1;319;0;0;1,935;5,92;93,47;12,69;-0,059;1411,92;0;19-5-2021;09:16:38
1;320;0;0;2,078;0,03;93,5;12,64;-0,055;1412,61;0;19-5-2021;09:16:40
1;321;0;0;2,181;0,04;93,46;12,6;-0,051;1413,1;0;19-5-2021;09:16:42
1;322;0;0;2,288;0,5;93,53;12,57;-0,048;1413,61;0;19-5-2021;09:16:44
1;323;0;0;2,38;0,07;93,53;12,54;-0,046;1414,05;0;19-5-2021;09:16:46
1;324;0;0;2,464;0,81;93,67;12,53;-0,044;1414,45;0;19-5-2021;09:16:48
1;325;0;0;2,539;2,04;93,71;12,51;-0,042;1414,81;0;19-5-2021;09:16:50
1;326;0;0;2,605;0,86;93,87;12,51;-0,04;1415,12;0;19-5-2021;09:16:52
